Workbook

Sheet Summary
B2: NHS England Elective Waiting List: KPI Summary
B3: Referral-to-treatment (RTT) incomplete pathways, April 2025 – March 2026
B5: Latest month | C5: =MAX(Monthly!A2:A13) -> 46082
B6: Total waiting | C6: =INDEX(Monthly!B2:B13,MATCH(C5,Monthly!A2:A13,0)) -> 7045510
B7: % within 18 weeks | C7: =INDEX(Monthly!G2:G13,MATCH(C5,Monthly!A2:A13,0)) -> 0.65241863
B8: 52+ week waiters | C8: =INDEX(Monthly!E2:E13,MATCH(C5,Monthly!A2:A13,0)) -> 95824
B9: Change in waiting list over the year | C9: =C6-Monthly!B2 -> -375943
B10: Change in 52+ week waiters over the year | C10: =IF(Monthly!E2=0,0,C8/Monthly!E2-1) -> -0.50236809
B11: Targets (inputs, edit if needed)
B12: Interim ambition, March 2026 | C12: 0.65 | D12: Source: NHS England 2025/26 planning guidance
B13: Constitutional standard | C13: 0.92 | D13: Source: NHS Constitution (92% within 18 weeks)
B15: Gap to 92% standard (patients) | C15: =ROUNDUP(C13*INDEX(Monthly!D2:D13,MATCH(C5,Monthly!A2:A13,0)),0)-INDEX(Monthly!C2:C13,MATCH(C5,Monthly!A2:A13,0)) -> 1885248
B16: Meets 65% interim ambition? | C16: =IF(C7>=C12,"Yes","No") -> Yes
B18: Notes
B19: • Data: NHS England Consultant-led RTT Waiting Times, monthly 'Full CSV data file' (trust-submitted data).
B20: • Waiting list = incomplete pathways (Part_2). 'Total' specialty rows (C_999) excluded to avoid double counting.
B21: • % within 18 weeks = patients waiting 0-18 weeks / patients with a known clock start.
B22: • Figures exclude NHS England's estimates for trusts that did not submit, so totals can differ slightly from headline publications.
B23: • Built from SQL views exported from MySQL (see sql/ folder).

Sheet Monthly
A1: Month | B1: Total waiting | C1: Within 18 weeks | D1: Known clock start | E1: 52+ weeks | F1: 78+ weeks | G1: % within 18 weeks | H1: Change vs prev month | I1: Gap to 92% (pts) | J1: vs 65% ambition (pts)
A2: 45748 | B2: 7421453 | C2: 4430301 | D2: 7421453 | E2: 192560 | F2: 2055 | G2: =IF(D2=0,0,C2/D2) -> 0.59695871 | I2: =(Summary!$C$13-G2)*100 -> 32.304129 | J2: =(G2-Summary!$C$12)*100 -> -5.3041291
A3: 45778 | B3: 7388277 | C3: 4499048 | D3: 7388277 | E3: 199590 | F3: 2019 | G3: =IF(D3=0,0,C3/D3) -> 0.60894414 | H3: =B3-B2 -> -33176 | I3: =(Summary!$C$13-G3)*100 -> 31.105586 | J3: =(G3-Summary!$C$12)*100 -> -4.1055858
A4: 45809 | B4: 7400275 | C4: 4550091 | D4: 7400275 | E4: 194715 | F4: 1890 | G4: =IF(D4=0,0,C4/D4) -> 0.61485431 | H4: =B4-B3 -> 11998 | I4: =(Summary!$C$13-G4)*100 -> 30.514569 | J4: =(G4-Summary!$C$12)*100 -> -3.5145687
A5: 45839 | B5: 7334286 | C5: 4486685 | D5: 7334286 | E5: 192769 | F5: 2320 | G5: =IF(D5=0,0,C5/D5) -> 0.61174121 | H5: =B5-B4 -> -65989 | I5: =(Summary!$C$13-G5)*100 -> 30.825879 | J5: =(G5-Summary!$C$12)*100 -> -3.8258789
A6: 45870 | B6: 7345544 | C6: 4475566 | D6: 7345544 | E6: 192024 | F6: 2375 | G6: =IF(D6=0,0,C6/D6) -> 0.60928993 | H6: =B6-B5 -> 11258 | I6: =(Summary!$C$13-G6)*100 -> 31.071007 | J6: =(G6-Summary!$C$12)*100 -> -4.0710069
A7: 45901 | B7: 7329574 | C7: 4522668 | D7: 7329574 | E7: 181947 | F7: 2540 | G7: =IF(D7=0,0,C7/D7) -> 0.61704377 | H7: =B7-B6 -> -15970 | I7: =(Summary!$C$13-G7)*100 -> 30.295623 | J7: =(G7-Summary!$C$12)*100 -> -3.2956226
A8: 45931 | B8: 7337076 | C8: 4523866 | D8: 7337076 | E8: 174373 | F8: 2900 | G8: =IF(D8=0,0,C8/D8) -> 0.61657614 | H8: =B8-B7 -> 7502 | I8: =(Summary!$C$13-G8)*100 -> 30.342386 | J8: =(G8-Summary!$C$12)*100 -> -3.342386
A9: 45962 | B9: 7191310 | C9: 4429395 | D9: 7191310 | E9: 157710 | F9: 2755 | G9: =IF(D9=0,0,C9/D9) -> 0.61593715 | H9: =B9-B8 -> -145766 | I9: =(Summary!$C$13-G9)*100 -> 30.406285 | J9: =(G9-Summary!$C$12)*100 -> -3.4062848
A10: 45992 | B10: 7231880 | C10: 4440594 | D10: 7231880 | E10: 142204 | F10: 2874 | G10: =IF(D10=0,0,C10/D10) -> 0.61403038 | H10: =B10-B9 -> 40570 | I10: =(Summary!$C$13-G10)*100 -> 30.596962 | J10: =(G10-Summary!$C$12)*100 -> -3.5969623
A11: 46023 | B11: 7187677 | C11: 4412147 | D11: 7187677 | E11: 137320 | F11: 2947 | G11: =IF(D11=0,0,C11/D11) -> 0.61384881 | H11: =B11-B10 -> -44203 | I11: =(Summary!$C$13-G11)*100 -> 30.615119 | J11: =(G11-Summary!$C$12)*100 -> -3.6151186
A12: 46054 | B12: 7156212 | C12: 4472365 | D12: 7156212 | E12: 124280 | F12: 2668 | G12: =IF(D12=0,0,C12/D12) -> 0.62496262 | H12: =B12-B11 -> -31465 | I12: =(Summary!$C$13-G12)*100 -> 29.503738 | J12: =(G12-Summary!$C$12)*100 -> -2.503738
A13: 46082 | B13: 7045510 | C13: 4596622 | D13: 7045510 | E13: 95824 | F13: 2335 | G13: =IF(D13=0,0,C13/D13) -> 0.65241863 | H13: =B13-B12 -> -110702 | I13: =(Summary!$C$13-G13)*100 -> 26.758137 | J13: =(G13-Summary!$C$12)*100 -> 0.24186326

Sheet Specialties
A1: Specialties, March 2026
A3: Specialty | B3: Total waiting | C3: Within 18 weeks | D3: Known clock start | E3: 52+ weeks | F3: % within 18 weeks | G3: % of list over 52 wks | H3: Share of all 52+ wk waits
A4: Trauma and Orthopaedic Service | B4: 826172 | C4: 488079 | D4: 826172 | E4: 18999 | F4: =IF(D4=0,0,C4/D4) -> 0.59077166 | G4: =IF(B4=0,0,E4/B4) -> 0.022996422 | H4: =IF(SUM($E$4:$E$26)=0,0,E4/SUM($E$4:$E$26)) -> 0.19826974
A5: Other - Medical Services | B5: 614175 | C5: 433774 | D5: 614175 | E5: 3897 | F5: =IF(D5=0,0,C5/D5) -> 0.70627101 | G5: =IF(B5=0,0,E5/B5) -> 0.0063450971 | H5: =IF(SUM($E$4:$E$26)=0,0,E5/SUM($E$4:$E$26)) -> 0.040668309
A6: Ophthalmology Service | B6: 603966 | C6: 439393 | D6: 603966 | E6: 4424 | F6: =IF(D6=0,0,C6/D6) -> 0.72751281 | G6: =IF(B6=0,0,E6/B6) -> 0.0073249156 | H6: =IF(SUM($E$4:$E$26)=0,0,E6/SUM($E$4:$E$26)) -> 0.046167975
A7: Ear Nose and Throat Service | B7: 580054 | C7: 338817 | D7: 580054 | E7: 12596 | F7: =IF(D7=0,0,C7/D7) -> 0.58411286 | G7: =IF(B7=0,0,E7/B7) -> 0.02171522 | H7: =IF(SUM($E$4:$E$26)=0,0,E7/SUM($E$4:$E$26)) -> 0.13144932
A8: Gynaecology Service | B8: 555528 | C8: 337944 | D8: 555528 | E8: 10033 | F8: =IF(D8=0,0,C8/D8) -> 0.60832937 | G8: =IF(B8=0,0,E8/B8) -> 0.018060296 | H8: =IF(SUM($E$4:$E$26)=0,0,E8/SUM($E$4:$E$26)) -> 0.10470237
A9: Other - Surgical Services | B9: 467771 | C9: 309100 | D9: 467771 | E9: 5642 | F9: =IF(D9=0,0,C9/D9) -> 0.66079342 | G9: =IF(B9=0,0,E9/B9) -> 0.012061457 | H9: =IF(SUM($E$4:$E$26)=0,0,E9/SUM($E$4:$E$26)) -> 0.058878778
A10: Urology Service | B10: 378188 | C10: 250637 | D10: 378188 | E10: 5112 | F10: =IF(D10=0,0,C10/D10) -> 0.66273123 | G10: =IF(B10=0,0,E10/B10) -> 0.013517087 | H10: =IF(SUM($E$4:$E$26)=0,0,E10/SUM($E$4:$E$26)) -> 0.053347804
A11: General Surgery Service | B11: 376693 | C11: 237010 | D11: 376693 | E11: 5927 | F11: =IF(D11=0,0,C11/D11) -> 0.6291861 | G11: =IF(B11=0,0,E11/B11) -> 0.015734298 | H11: =IF(SUM($E$4:$E$26)=0,0,E11/SUM($E$4:$E$26)) -> 0.06185298
A12: Cardiology Service | B12: 375773 | C12: 260246 | D12: 375773 | E12: 2892 | F12: =IF(D12=0,0,C12/D12) -> 0.69256173 | G12: =IF(B12=0,0,E12/B12) -> 0.0076961357 | H12: =IF(SUM($E$4:$E$26)=0,0,E12/SUM($E$4:$E$26)) -> 0.030180331
A13: Dermatology Service | B13: 372060 | C13: 241996 | D13: 372060 | E13: 3653 | F13: =IF(D13=0,0,C13/D13) -> 0.65042197 | G13: =IF(B13=0,0,E13/B13) -> 0.0098183089 | H13: =IF(SUM($E$4:$E$26)=0,0,E13/SUM($E$4:$E$26)) -> 0.038121974
A14: Gastroenterology Service | B14: 366951 | C14: 256103 | D14: 366951 | E14: 2925 | F14: =IF(D14=0,0,C14/D14) -> 0.69792152 | G14: =IF(B14=0,0,E14/B14) -> 0.0079710915 | H14: =IF(SUM($E$4:$E$26)=0,0,E14/SUM($E$4:$E$26)) -> 0.030524712
A15: Oral Surgery Service | B15: 320612 | C15: 178101 | D15: 320612 | E15: 7091 | F15: =IF(D15=0,0,C15/D15) -> 0.55550323 | G15: =IF(B15=0,0,E15/B15) -> 0.022117076 | H15: =IF(SUM($E$4:$E$26)=0,0,E15/SUM($E$4:$E$26)) -> 0.07400025
... A26: Other - Mental Health Services | B26: 3178 | C26: 2597 | D26: 3178 | E26: 3 | F26: =IF(D26=0,0,C26/D26) -> 0.81718062 | G26: =IF(B26=0,0,E26/B26) -> 0.00094398993 | H26: =IF(SUM($E$4:$E$26)=0,0,E26/SUM($E$4:$E$26)) -> 3.1307397e-05
A27: Total | B27: =SUM(B4:B26) -> 7045510 | C27: =SUM(C4:C26) -> 4596622 | D27: =SUM(D4:D26) -> 7045510 | E27: =SUM(E4:E26) -> 95824 | F27: =IF(D27=0,0,C27/D27) -> 0.65241863 | G27: =IF(B27=0,0,E27/B27) -> 0.013600719

Sheet NHS Trusts
A1: NHS trusts with 20,000+ patients waiting, March 2026
A3: Rank | B3: Trust | C3: ICB | D3: Total waiting | E3: Within 18 weeks | F3: Known clock start | G3: 52+ weeks | H3: % within 18 weeks | I3: Meets 65%?
A4: =RANK(H4,$H$4:$H$118,0) -> 1 | B4: Moorfields Eye Hospital NHS Foundation Trust | C4: North Central London | D4: 37769 | E4: 32406 | F4: 37769 | G4: 12 | H4: =IF(F4=0,0,E4/F4) -> 0.85800524 | I4: =IF(H4>=Summary!$C$12,"Yes","No") -> Yes
A5: =RANK(H5,$H$4:$H$118,0) -> 2 | B5: Royal Berkshire NHS Foundation Trust | C5: Buckinghamshire, Oxfordshire And Berkshire West | D5: 34676 | E5: 29053 | F5: 34676 | G5: 36 | H5: =IF(F5=0,0,E5/F5) -> 0.83784173 | I5: =IF(H5>=Summary!$C$12,"Yes","No") -> Yes
A6: =RANK(H6,$H$4:$H$118,0) -> 3 | B6: Northumbria Healthcare NHS Foundation Trust | C6: North East And North Cumbria | D6: 37215 | E6: 30796 | F6: 37215 | G6: 0 | H6: =IF(F6=0,0,E6/F6) -> 0.82751579 | I6: =IF(H6>=Summary!$C$12,"Yes","No") -> Yes
A7: =RANK(H7,$H$4:$H$118,0) -> 4 | B7: South Tyneside and Sunderland NHS Foundation Trust | C7: North East And North Cumbria | D7: 57899 | E7: 44340 | F7: 57899 | G7: 5 | H7: =IF(F7=0,0,E7/F7) -> 0.76581634 | I7: =IF(H7>=Summary!$C$12,"Yes","No") -> Yes
A8: =RANK(H8,$H$4:$H$118,0) -> 5 | B8: Homerton Healthcare NHS Foundation Trust | C8: North East London | D8: 26282 | E8: 20121 | F8: 26282 | G8: 175 | H8: =IF(F8=0,0,E8/F8) -> 0.76558101 | I8: =IF(H8>=Summary!$C$12,"Yes","No") -> Yes
A9: =RANK(H9,$H$4:$H$118,0) -> 6 | B9: Harrogate and District NHS Foundation Trust | C9: Humber And North Yorkshire | D9: 20774 | E9: 15838 | F9: 20774 | G9: 7 | H9: =IF(F9=0,0,E9/F9) -> 0.7623953 | I9: =IF(H9>=Summary!$C$12,"Yes","No") -> Yes
A10: =RANK(H10,$H$4:$H$118,0) -> 7 | B10: Maidstone and Tunbridge Wells NHS Trust | C10: Kent And Medway | D10: 46181 | E10: 35125 | F10: 46181 | G10: 24 | H10: =IF(F10=0,0,E10/F10) -> 0.76059418 | I10: =IF(H10>=Summary!$C$12,"Yes","No") -> Yes
A11: =RANK(H11,$H$4:$H$118,0) -> 8 | B11: Calderdale and Huddersfield NHS Foundation Trust | C11: West Yorkshire | D11: 36307 | E11: 27584 | F11: 36307 | G11: 6 | H11: =IF(F11=0,0,E11/F11) -> 0.7597433 | I11: =IF(H11>=Summary!$C$12,"Yes","No") -> Yes
A12: =RANK(H12,$H$4:$H$118,0) -> 9 | B12: Gloucestershire Hospitals NHS Foundation Trust | C12: Gloucestershire | D12: 67612 | E12: 50368 | F12: 67612 | G12: 6 | H12: =IF(F12=0,0,E12/F12) -> 0.74495652 | I12: =IF(H12>=Summary!$C$12,"Yes","No") -> Yes
A13: =RANK(H13,$H$4:$H$118,0) -> 10 | B13: Royal Cornwall Hospitals NHS Trust | C13: Cornwall And The Isles Of Scilly | D13: 41862 | E13: 30830 | F13: 41862 | G13: 250 | H13: =IF(F13=0,0,E13/F13) -> 0.73646744 | I13: =IF(H13>=Summary!$C$12,"Yes","No") -> Yes
A14: =RANK(H14,$H$4:$H$118,0) -> 11 | B14: Walsall Healthcare NHS Trust | C14: Black Country | D14: 27304 | E14: 19985 | F14: 27304 | G14: 2 | H14: =IF(F14=0,0,E14/F14) -> 0.73194404 | I14: =IF(H14>=Summary!$C$12,"Yes","No") -> Yes
A15: =RANK(H15,$H$4:$H$118,0) -> 12 | B15: The Newcastle Upon Tyne Hospitals NHS Foundation Trust | C15: North East And North Cumbria | D15: 81301 | E15: 58961 | F15: 81301 | G15: 579 | H15: =IF(F15=0,0,E15/F15) -> 0.72521863 | I15: =IF(H15>=Summary!$C$12,"Yes","No") -> Yes
... A118: =RANK(H118,$H$4:$H$118,0) -> 115 | B118: Mid and South Essex NHS Foundation Trust | C118: Mid And South Essex | D118: 173977 | E118: 88038 | F118: 173977 | G118: 12150 | H118: =IF(F118=0,0,E118/F118) -> 0.50603241 | I118: =IF(H118>=Summary!$C$12,"Yes","No") -> No
